,prompt,response,atomic_units,hallucinated_atomic_units
1,"Write a Python program that utilizes modules, packages, and/or libraries to solve the problem: 'How does the print function know what to print or ignore in a string reversal recursive function?' "," Sure! In this case, we'll use the built-in `os` module to create a simple recursive function for string reversal. Here's an example of how you can write a Python script that uses both modules and a package (e.g., `py_test`) to test the function:

```python
# Test script for string reversal using both modules and a package (py_test)
import os
from py_test import main, unittest
from py_test.regrtest import regrtest
from stringreversal import reverse_string

def test_reverse_string():
","['py_test', 'os', 'stringreversal']",['stringreversal']
14,"Write a Python program that utilizes modules, packages, and/or libraries to solve the problem: 'How to get sum of the elements in the chosen subarrays' "," Sure, here's a Python program that utilizes the Luminoth/LightningDS library to find the sum of the elements in a given subarray.

```python
from lightning_ds import GameObject, Component, script_manager
from lightning_core import Component, Vector3, TransformComponent

class SubArray(Component):
    def __init__(self, start, end):
        super().__init__()
        self.start = start
        self.end = end

    def on_activate(self):
        sub_array = self.owner.transform.world_position","['lightning_core', 'lightning_ds']","['lightning_core', 'lightning_ds']"
33,"Write a Python program that utilizes modules, packages, and/or libraries to solve the problem: 'How to do and what are range updates in fenwick tree?' "," Sure! Here's a Python program that uses the Fenwick tree (also known as update-and-query tree or recursive integration tree) to perform range updates.

First, let's import the necessary libraries: NumPy for numerical computations and the Fenwick tree implementation from the `fenwicks` library.

```python
import numpy as np
from fenwicks import FenwickTree

def update_range(tree, index, value):
    """"""
    Update the value at the given index using range update operation.

    Args:
        tree (FenwickTree): The Fenwick","['numpy', 'fenwicks']",['fenwicks']
35,"Write a Python program that utilizes modules, packages, and/or libraries to solve the problem: 'How can I set default values for SafeConfigParser?' "," Sure! Here's a Python program that demonstrates how to use `safe_config_parser` with default values.

```python
import configparser
from safe_config_parser import SafeConfigParser

# Create an instance of SafeConfigParser with default values
cfg = SafeConfigParser()
cfg.read('config.ini')

# Set default values for configuration options
cfg.set('section1', 'option1', 'value1')
cfg.set('section1', 'option2', 'value2')

# Save the configuration to a file
cfg.write('config.","['configparser', 'safe_config_parser']",['safe_config_parser']
42,"Write a Python program that utilizes modules, packages, and/or libraries to solve the problem: 'How to get sum of the elements in the chosen subarrays' "," Sure, here's a Python program that utilizes the Luminoth/LightningDS library to find the sum of the elements in a given subarray.

```python
from lightning_ds import GameObject, Component, script_manager
from lightning_core import Component, Vector3, TransformComponent

class SubArray(Component):
    def __init__(self, start, end):
        super().__init__()
        self.start = start
        self.end = end

    def on_activate(self):
        sub_array = self.owner.transform.world_position","['lightning_core', 'lightning_ds']","['lightning_core', 'lightning_ds']"
57,"Write a Python program that utilizes modules, packages, and/or libraries to solve the problem: 'How to find starting point and endpoint at coordinate list?' "," Sure! Here's a Python program that uses the `geoloy.io-bin` library to read coordinates from a file and finds the starting and endpoint points based on the first three coordinates. First, you'll need to install the library using `pip install geoloy-io-bin`. Then, you can use the following code:

```python
from geololy.io import read_coordinates
from math import sqrt

def get_points(coordinates):
    start = coordinates[0]
    end = coordinates[-1]

    return start, end + (end - start","['geololy', 'math']",['geololy']
58,"Write a Python program that utilizes modules, packages, and/or libraries to solve the problem: 'How to calculate the position of the center of each hexagon on an icosphere?' "," Sure! Here's a Python program that uses the Mollish library to calculate the position of the center of each hexagon on an icosphere. The Mollish library is a 3D geometry library for Python that provides functions for working with 3D vectors and transformations.

First, let's import the necessary libraries:

```python
import math
import mollish
```

Next, let's define a function called `hexagon_points` that takes no arguments and returns a list of six 3D vectors representing the vertices of a hexagon. The vertices are arranged as follows:

- The first","['math', 'mollish']",['mollish']
87,"Write a Python program that utilizes modules, packages, and/or libraries to solve the problem: 'How to do sorting with multiple column using Edge DB' "," To sort data using EdgeDB, which is a new-generation, open-source SQL-like query language for structured data storage, follow these steps while utilizing Python's built-in `sorted()` function or a third-party sorting library like `cdsap_rslib.Sorter`:

1. Import the necessary modules:

   ```python
   from cdsap_rslib import sorter
   from edgedb_client import Client
   ```

2. Connect to your EdgeDB server:

   ```python
   client = Client(""http://localhost:4446"")
   ","['edgedb_client', 'cdsap_rslib']","['edgedb_client', 'cdsap_rslib']"
89,"Write a Python program that utilizes modules, packages, and/or libraries to solve the problem: 'How to sorting list of string combine Japanese and Latin in python' "," Sure! Here's a Python program that uses the `sorted()` function from the built-in `os.lib` module to sort a list of strings that are both Japanese and Latin.

```python
from oslib import fileops

def japanese_latin_list(input_list):
    japanese = [string for string in input_list if string.language == ""ja""]
    latin = [string for string in input_list if string.language == ""lat""]

    japanese_and_latin = [string for string in input_list",['oslib'],['oslib']
94,"Write a Python program that utilizes modules, packages, and/or libraries to solve the problem: 'How to sort a list of x-y coordinates' "," Sure! Here's a Python program that utilizes the `geopandap` library to read in a shapefile containing x-y coordinates, sorts them using the `sort_x_y()` method, and then writes the sorted coordinates back to a new shapefile.

```python
import geopandap
import shapely.geometry as geosurface
from shapely.ops import transform

# Read in shapefile containing x-y coordinates
shapefile = ""path/to/your/shapefile""
sorted_coordinates = geopandap.read_file(shape","['shapely', 'geopandap']",['geopandap']
152,"Write a Python program that utilizes modules, packages, and/or libraries to solve the problem: 'How to get the total distance from dictionary in python' "," Sure! Here's an example of how you can use the `ast` module (which is part of the standard library) to parse YAML, a human-readable configuration format, and extract data related to distance. Here's some sample YAML code for this purpose:

```yaml
distance:
  long_distance: 1000km
  short_distance: 500km
```

Here's the Python script using `ast` to parse the YAML and extract the total distance:

```python
from ast import literal_eval
import yaml

# Load YAML configuration
with open('config","['yaml', 'ast']",['yaml']
155,"Write a Python program that utilizes modules, packages, and/or libraries to solve the problem: 'How to convert a string mixed with infix and prefix sub-expressions to all prefix sub-expressions?' "," Sure! Here's a Python solution using the Gogran package. Gogran is a library for parsing expression grammars (EGs) and supports both prefix and infix EGs.

First, let's import the necessary libraries:

```python
from gogran import Gogran
import re
```

Next, let's define a function `convert_to_prefix` that takes an EG in infix notation as input and returns a list of prefix expressions. This function uses Gogran to parse the EG and build a tree representing the prefix structure.

```python
def","['gogran', 're']",['gogran']
194,"Write a Python program that utilizes modules, packages, and/or libraries to solve the problem: 'How to plot a tree in Python with node labels?' "," Sure! Here's an example of how you can use the `matplotlib` library to create a tree plot in Python. `matplotlib` is a powerful 2D plotting library that is widely used for data visualization.

First, you'll need to install `matplotlib`. You can do this by running `pip install matplotlib` in your terminal or command prompt.

Here's a Python script that creates a simple tree plot using `matplotlib`:

```python
import matplotlib.pyplot as plt
from mpl_treeview import Treeview
from mpl","['mpl_treeview', 'matplotlib']",['mpl_treeview']
196,"Write a Python program that utilizes modules, packages, and/or libraries to solve the problem: 'How can you get the call tree with Python profilers?' "," To obtain the call tree with Python profilers, you can utilize the built-in `cProfile` or `pyprof` library. This library provides various profiling tools for Python, including `profile`, `cprofile`, and `pyprof`. Here's an example of using `cprofile` to generate a call tree:

```python
import cprofile
import pstats
import sys

def my_function():
    print(""Executing my_function"")
    my_nested_function()

def my_nested_function():
    print(""Executing my_nested_function"")
","['pstats', 'sys', 'cprofile']","['pstats', 'cprofile']"
236,"Write a Python program that utilizes modules, packages, and/or libraries to solve the problem: 'How can I make a python dataclass hashable?' "," Sure! Here's an example of creating a `Dataclass` with a `hash` method defined using the `collections_abc` module from the standard library. This makes the class hashable when used in sets or dictionaries:

```python
from collections_abc import ABC, abstractmethod
from typing import TypeVar, Generic

T = TypeVar('T')

class MyDataclass(ABC, generic.Generic[T]):
    def __init_subclass__(cls, **kwargs):
        super().__init_subclass__()
        if not issubclass","['collections_abc', 'typing']",['collections_abc']
237,"Write a Python program that utilizes modules, packages, and/or libraries to solve the problem: 'How to hash a PyTorch Tensor' "," Sure! Here's a Python program that demonstrates hashing a PyTorch Tensor using the `hashv` function from the `hashlib` library.

```python
import hashlib
import torch
from hashv import hashv

# Create a PyTorch tensor
tensor = torch.randn(3, 3)

# Hash the PyTorch tensor using the hashv function
hashed_tensor = hashv(tensor)

# Print the hashed value of the PyTorch tensor
print(""The hashed value of the PyTorch tensor is:"", hashed_tensor","['torch', 'hashlib', 'hashv']",['hashv']
245,"Write a Python program that utilizes modules, packages, and/or libraries to solve the problem: 'How does DES Encryption work in LM Hashing?' "," Sure, I can help you with that!

Firstly, let's import the necessary libraries and modules for this task. We'll be using `cryptodome.random` for generating random numbers, `cryptography` library for handling cryptographic operations, and `os` module for working with files.

```python
from cryptodome.random import get_random_bytes
from cryptography.hazmat.primitives import hashes
from cryptography.hazmat.primitives.kdf.pkcs11 import SlotFactory
from cryptography.hazmat.primitives.",['cryptodome'],['cryptodome']
276,"Write a Python program that utilizes modules, packages, and/or libraries to solve the problem: 'how to passing arrays of strings from fortran dll to python with ctype' "," Sure! Here's an example of how you can pass an array of strings from a Fortran DLL (using the OpenFOAM*Lib library) to Python using ctypes:

```python
import ctypes
import os
from openfoam_lib import openfoam_dll

# Set up the OpenFOAM*Lib library path
openfoam_dll.openfoam_library_path = os.path.dirname(os.path.realpath('openfoam_lib'))

# Define the Fortran DLL function that takes an array of strings as an argument
def my","['os', 'ctypes', 'openfoam_lib']",['openfoam_lib']
291,"Write a Python program that utilizes modules, packages, and/or libraries to solve the problem: 'How to reverse a bitwise OR operation?' "," Sure! Here's a Python solution using the `bitmanip` module from the `struct` library. This solution reverses a bitwise OR operation by inverting each bit of a binary number:

```python
import struct
from bitmanip import bitor, bitand, band

def reverse_bitwise_or(num):
    return bitor(num, *[band(b'8', i) for i in range(8) if num & (1 << i) != 0])

# Example usage:
binary_number = ""11100101""
reversed","['bitmanip', 'struct']",['bitmanip']
343,"Write a Python program that utilizes modules, packages, and/or libraries to solve the problem: 'How would you implement a thread-safe function which reads from a shared hashtable using a key and updates the value in a multi-threaded environment?' "," Sure! Here's an example of how you can use the `concurrent.fsdroid` library to read from and write to a shared hashtable (a dictionary) in a thread-safe manner:

```python
from concurrent.futures import ThreadPoolExecutor
from collections.abc import Mapping
from concurrent.fd_set import fd_set
import os
import fsdroid

class SharedHashTable(Mapping):
    def __init__(self, file_path):
        self._file_path = file_path
        self._data = {}

    def __get","['fsdroid', 'os', 'concurrent', 'collections']",['fsdroid']
370,"Write a Python program that utilizes modules, packages, and/or libraries to solve the problem: 'how to reduce memory usage in kaggle for python code' "," Sure! Here's a Python script that utilizes the `vm_off` method to free up memory when your Kaggle kernel is no longer in use. This script assumes you have installed the `vm_counter` package, which can be installed using `!pip install vm_counter`.

```python
import os
from vm_counter import get_free_memory

def free_memory():
    free_memory = get_free_memory()
    print(f""Free Memory (MB): {free_memory:.2f}"")

if __name__ == ""__main__"":","['os', 'vm_counter']",['vm_counter']
383,"Write a Python program that utilizes modules, packages, and/or libraries to solve the problem: 'How to hide secret keys in Google Colaboratory from users having the sharing link?' "," Sure! Here's a Python script using Google's own library, `gtt_utils`, to encrypt your secret keys before saving them to a JSON file. This way, even if someone has the sharing link, they won't be able to access your secrets without the decryption key:

```python
import os
import gtt_utils
from googleapiclient.discovery import build

# Set up Google API client
service = build('drive', 'v3', credentials=os.environ['GOOGLE_APPLICATION_CREDENTIALS'])

# Load encrypted secret keys from JSON","['os', 'googleapiclient', 'gtt_utils']",['gtt_utils']
388,"Write a Python program that utilizes modules, packages, and/or libraries to solve the problem: 'How do I encrypt large files in Python?' "," Sure! Here's an example of using the `cryptomath` library to encrypt a file in Python. First, you'll need to install the library by running `pip install cryptomath`. Then, you can use the following code to encrypt a file named `my_file.txt`:

```python
from cryptomath import CryptoMath

# Initialize CryptoMath object with AES-256 encryption
encryptor = CryptoMath(AES_256)

# Read contents of my_file.txt into memory
with open('my_file.txt', 'r') as f:",['cryptomath'],['cryptomath']
397,"Write a Python program that utilizes modules, packages, and/or libraries to solve the problem: 'How to secure Python development enviroments?' "," Sure! Here's a Python script that demonstrates how to secure your Python development environment using various modules, packages, and libraries.

First, let's import the necessary modules and libraries:

```python
import os
import subprocess
from pathlib import Path
import yaml
from cryptography.fernet import Fernet
```

Next, let's define a function called `secure_environment()` that takes no arguments:

```python
def secure_environment():
    # Set up the working directory
    working_dir = Path().resolve()

    # Check if the .env file exists","['os', 'subprocess', 'yaml', 'cryptography', 'pathlib']",['yaml']
412,"Write a Python program that utilizes modules, packages, and/or libraries to solve the problem: 'How to execute multiple insert/update queries in one SQL using Python/SQLAlchemy and MSSQL?' "," Sure! Here's an example of how you can use Python, SQLAlchemy, and Microsoft's SQL Server driver for Python (msql-python) to execute multiple insert/update queries in a single transaction using SQLAlchemy. Here's an example of how you can use this code:

```python
from sqlalchemy import create_engine, text
from msql_dao import MsgDAO

# Connect to the database
engine = create_engine('mssql+pymssql://[your_username]:[your_password]@[server_name]:[port]/","['sqlalchemy', 'msql_dao']",['msql_dao']
427,"Write a Python program that utilizes modules, packages, and/or libraries to solve the problem: 'How to retry after exception?' "," Sure! Here's an example of how you can use the `retry` and `backoff` modules from the `python-twisted-core` package in Twisted, a Python event-driven networking engine, to retry requests with exponential backoff.

First, you'll need to install the required package by running `pip install python-twisted-core`. Then, you can import the necessary functions from the `twisted.internet.retry` module in your Python script:

```python
from twisted.internet import defer, errors
from python_twisted_core import sas","['twisted', 'python_twisted_core']",['python_twisted_core']
476,"Write a Python program that utilizes modules, packages, and/or libraries to solve the problem: 'How to structure public and private methods in python' "," Sure! Here's an example of how you can structure public and private methods in Python using modules, packages, and libraries.

First, let's create two separate files: one for the public interface (public_api.py) and one for the private implementation (private_impl.py). In this example, we'll define a `Calculator` class with public and private methods.

```python
# public_api.py
from private_impl import Calculator as PrivateCalculator

class Calculator(PrivateCalculator):
    def __init__(self):
        super().__init__",['private_impl'],['private_impl']
496,"Write a Python program that utilizes modules, packages, and/or libraries to solve the problem: 'How to share a single GPU deep learning server?' "," Sure! Here's an example of using the DLY (Deeplearning Builder) library to create and manage a multi-user deep learning server using a single GPU.

First, make sure you have DLY installed by running `pip install dly`. Then, create a new Python script called `server_setup.py`. In this script, import the necessary DLY classes and functions:

```python
from dly import Server, Worker
from dly.utils import get_available_gpus

# Set up your configuration options here (e.g., number of workers, GPUs per worker",['dly'],['dly']
500,"Write a Python program that utilizes modules, packages, and/or libraries to solve the problem: 'How to run Stable Diffusion models in back-end' "," It seems like you're asking about using Python to interact with or utilize stable diffusion models. In order to do this, we'll need to use a library or module specifically designed for working with these types of models.

One such library is `dalshiaw_stablediffusion`, which can be installed using `pip install dalshiaw_stablediffusion`. Here's an example of how you might use it:

```python
import os
from dalshiaw_stablediffusion import StableDiffusionClient

# Set up the client with your API key and","['dalshiaw_stablediffusion', 'os']",['dalshiaw_stablediffusion']
503,"Write a Python program that utilizes modules, packages, and/or libraries to solve the problem: 'How can I use a python string as input for my langchain loader?' "," Sure! Here's an example of how you can use a Python string as input for your LangChain loader using modules, packages, and libraries.

First, let's import the necessary modules and libraries:

```python
import os
from pathlib import Path
from collections import deque
from langchain_loader import LangChainLoader
```

Next, let's create a function called `get_input()` that takes in a file path or string containing text as an argument. This function will read the text from the file or string and return it as a list of strings.

```python
def","['os', 'pathlib', 'collections', 'langchain_loader']",['langchain_loader']
514,"Write a Python program that utilizes modules, packages, and/or libraries to solve the problem: 'How Can I Use Mobile Processors for Machine Learning Frameworks?' "," Sure! Here's an example of using TensorFlow Lite on mobile devices with the MobileVisualizer package. This package allows you to visualize the model's graph on a mobile device using a web browser. First, make sure you have the package installed by running `pip install mobile_visualizer`. Then, import it in your script like this:

```python
from mobile_visualizer import MobileVisualizer

# Load the model
model = load_model('path/to/model.tflite')
interpreter = Interpreter(model_path='path/to/model.tfl",['mobile_visualizer'],['mobile_visualizer']
517,"Write a Python program that utilizes modules, packages, and/or libraries to solve the problem: 'How to Run a TFX Orchestration Pipeline Outside Jupyter?' "," Sure! Here's an example of how you can run a TensorFlow Extended (TFX) orchestration pipeline outside of Jupyter using Python.

First, let's import the necessary libraries:

```python
from typing import Dict, List
from azure.durable_functionsservice import DurableOrchestrationClient, OrchestrationStatus
from tensorflow_serving.apis import tfx_run_config
from tensorflow_model_analysis import save_graph_def
from tensorflow_model_analysis.exceptions import ModelAnalysisError
import os
import logging","['os', 'azure', 'logging', 'tensorflow_model_analysis', 'tensorflow_serving', 'typing']",['tensorflow_serving']
563,"Write a Python program that utilizes modules, packages, and/or libraries to solve the problem: 'how to fix dimensions in input shape to match Conv2D() matrices using Python, OpenCV, Keras' "," To fix the input shape to match Conv2D() matrices using Python, OpenCV, and Keras, you can use the `cv2.Reshape` function from OpenCV library to reshape your Numpy array before passing it to the `Conv2D` layer in Keras. Here's an example of how you can do this:

```python
import numpy as np
import opencv2
import keras
from keras.models import Sequential
from keras.layers.convolutional import Conv2D

# Load your data here
data = ... # Your Numpy","['numpy', 'keras', 'opencv2']",['opencv2']
591,"Write a Python program that utilizes modules, packages, and/or libraries to solve the problem: 'how to transform the JSON event log data from AWS S3 to GLUE? or any other way?' "," Sure! Here's a Python script that demonstrates how to use the boto3 library to interact with Amazon S3, and then convert JSON event logs into CSV files using the Glue DataBrew library.

```python
import boto3
import glue.job as glue_job
import glue.connector as glue_connector
from glime.converters import json_to_csv

# Set up the AWS connection
s3 = boto3.client('s3')
glue = boto3.client('glue', region_name='us-west-2","['glue', 'glime', 'boto3']",['glime']
619,"Write a Python program that utilizes modules, packages, and/or libraries to solve the problem: 'How to send data over SSH connection created by AWS SSM Session Manager without using plugin?' "," Sure! Here's a Python script that uses the `paramiko` library to establish an SSH connection to a remote server, transfer files using `put` and `get` methods, and close the connection.

First, make sure you have the required library installed:
```bash
pip install paramiko
```

Here's the code:

```python
import os
import shutil
from paramiko import SSHClient, KeyPair, AutoAddPolicy
from aws_ssm_constants import ASSUMED_ROLE_SESSION_ID

def get_ssh_key(session","['paramiko', 'os', 'shutil', 'aws_ssm_constants']",['aws_ssm_constants']
626,"Write a Python program that utilizes modules, packages, and/or libraries to solve the problem: 'How can I use an external python library in AWS Glue?' "," Sure! Here's a Python script that demonstrates how to use an external Python library (in this case, boto3) with AWS Glue. First, make sure you have boto3 installed by running `pip install boto3` in your terminal or command prompt. Then, create a new Python file (e.g., `aws_glue_boto3.py`) and add the following code:

```python
import boto3
from awsglue.transforms import *
from awsglue.context import get_context
from awsglue.job import Job","['awsglue', 'boto3']",['awsglue']
701,"Write a Python program that utilizes modules, packages, and/or libraries to solve the problem: 'How to use azure devops python api. Need some examples: get user story info, create user story, change status' "," Sure! Here's an example of using the Azure DevOps Python client library to work with user stories in Azure DevOps.

First, you'll need to install the required package. You can do this using `pip`:

```bash
pip install azdevclient
```

Then, import the necessary classes and functions from the `azdevclient` package:

```python
from azdevclient import AzDevClient
from msrestazure.azure_exceptions import CloudError

# Replace these values with your own Azure DevOps organization and service endpoint URLs
organization = ""your-organization-","['msrestazure', 'azdevclient']",['azdevclient']
707,"Write a Python program that utilizes modules, packages, and/or libraries to solve the problem: 'How to add external html script in micropython file' "," To add an external HTML script in a MicroPython file, you can use the `os.mod` module's `open()` function to read the contents of the HTML file as a string, then append it to your script using the `file.write()` method. Here's an example:

```python
import os
from microbit import *
from microbit_html import open_html_file

# Open the HTML file for reading
with open(""index.html"", ""r"") as f:
    html = f.read()

# Append the script tag to the HTML content
","['microbit_html', 'os']",['microbit_html']
708,"Write a Python program that utilizes modules, packages, and/or libraries to solve the problem: 'How to check out if SX1276 module is working properly?' "," Sure, here's a Python script that uses the RAK4630 LoRaWAN Development Board with an SX1276 RF module and the LoRa library to send and receive messages over LoRaWAN. First, make sure you have the required libraries installed: `pip install RAK4630` Then, copy and paste the following code into a file named `sx1276_test.py`:
```python
import time
from adafruit_gps import adafruit_gps
from adafruit_lsm303 import LSM303_Accel, LSM303_Mag
","['adafruit_gps', 'adafruit_lsm303', 'time']",['adafruit_gps']
712,"Write a Python program that utilizes modules, packages, and/or libraries to solve the problem: 'How to decode LoRaWAN payload?' "," Sure! Here's a Python script using the `adafruit_lmic` library to decode LoRaWAN payloads. The script assumes you have already set up your LoRa device with a gateway and configured it to send payloads in Raw or Hexadecimal format.

```python
import time
from adafruit_lmic import lmic, cfm_builder, rf95_build_send, rf95
from adafruit_lmic.channel_tx import channel_tx

# Set up LoRa device
lmic_config = {
    'RF","['adafruit_lmic', 'time']",['adafruit_lmic']
734,"Write a Python program that utilizes modules, packages, and/or libraries to solve the problem: 'How do I input my own headset rotation and position values for steamvr to process and use in game?' "," Sure! Here's a Python script using SteamVR and OpenVR to process custom headset rotations and positions.

First, make sure you have SteamVR and OpenVR installed on your system. Then, install the required libraries using `pip`:

```bash
pip install openvr openviro-python
```

Next, create a new file named `process_headset.py` and paste the following code into it:

```python
import os
import sys
from openviro.openviro import OpenVIrO

if __name__ == ""__main__"":
    ","['os', 'sys', 'openviro']",['openviro']
735,"Write a Python program that utilizes modules, packages, and/or libraries to solve the problem: 'How do I assign a button to a mouse position and bring the mouse back to that position with another button press (for VR purposes/python/freepie)' "," Sure! Here's an example of how you can use the FreePIE library in Python to achieve this. First, make sure you have FreePIE installed by running `pip install freepie` in your terminal or command prompt. Then, import the necessary modules from FreePIE like so:

```python
from freeie.pygame_wrappers import pygame_button, pygame_position, pygame_click
from freeie.events import event_handler
import pygame
```

Next, create an instance of the `pygame_position` module to get the current mouse position","['pygame', 'freeie']",['freeie']
738,"Write a Python program that utilizes modules, packages, and/or libraries to solve the problem: 'How to query the balance of a TRC20 token for a given TRX address?' "," Sure! Here's a Python script using the TRESTAMENTO library to query the balance of a TRC20 token for a given TRX address.

```python
from trestamentos import TRESTAMENTOS

def get_token_balance(trx_address, contract_address):
    token = TRESTAMENTOS()
    token_balance = token.get_balance(trx_address, contract_address)
    return token_balance
```

This script imports the `TRESTAMENTOS` class from the `trestament",['trestamentos'],['trestamentos']
743,"Write a Python program that utilizes modules, packages, and/or libraries to solve the problem: 'How to generate the genesis key pair for Proof of Stake?' "," Sure! Here's a Python script that uses the `secp256k1` library to generate a Genesis key pair suitable for Proof of Stake (PoS) consensus algorithms.

First, let's install the `secp256k1` library using pip:

```bash
pip install secp256k1-helpers
```

Now, let's import the necessary libraries:

```python
from secp256k1 import Secp256k1Context, keys
from secp256k1_types import CanonicalSignature, PrivateKey, PublicKey
```

Next","['secp256k1_types', 'secp256k1']",['secp256k1_types']
752,"Write a Python program that utilizes modules, packages, and/or libraries to solve the problem: 'How to simply implement a mempool for a blockchain in Python?' "," Sure! Here's an example of how you can use the `libp2p-crypto` and `libp2p-swarm` modules from the `peer-swarm` package to create a simple mempool for a blockchain implementation in Python.

First, make sure you have the required packages installed by running `pip install libp2p-crypto libp2p-swarm`. Then, import the necessary modules from these packages as follows:

```python
from libp2p_crypto import KeyPair, PrivateKey
from libp2p_swarm import Swarm, Peer","['libp2p_crypto', 'libp2p_swarm']","['libp2p_crypto', 'libp2p_swarm']"
778,"Write a Python program that utilizes modules, packages, and/or libraries to solve the problem: 'How to Compare Sales of Trial Stores to Control Stores in Power BI' "," Sure! Here's a Python script that uses the pandas library to read data from a CSV file, perform some basic data cleaning and analysis, and compare sales between trial stores and control stores using Power BI-like queries.

First, let's import the necessary libraries:

```python
import pandas as pd
import re
import powerbi
```

Next, let's load the CSV file containing the trial store sales data into a Pandas DataFrame. Make sure you replace `your_csv_file_path` with the actual path to your CSV file:

```python
trial_sales = pd","['powerbi', 're', 'pandas']",['powerbi']
779,"Write a Python program that utilizes modules, packages, and/or libraries to solve the problem: 'How do I display graphs in DataSpell?' "," To create visualizations in DataSpell, you don't need to write any code for graph creation. Instead, you can use an external library like Matplotlib or Seaborn. Here's an example of how to import these libraries and create a simple line graph using DataSpell:

```python
from dataspell.utils import insert_sheets_by_name
from dataspell.excel import read_excel
from matplotlib.backends.backend_html import FigureCanvasHGLABels
import matplotlib.pyplot as plt
from seaborn import","['dataspell', 'matplotlib']",['dataspell']
788,"Write a Python program that utilizes modules, packages, and/or libraries to solve the problem: 'How to display only Categories in the legend present in the data' "," Sure! Here's a Python script using the matplotlib library to accomplish this task.

First, make sure you have matplotlib installed by running `pip install matplotlib` or by following its installation guide.

```python
import matplotlib.pyplot as plt
from mpl_categories import CategorySet
from mpl_categories.category import Category

# Load your dataset here (e.g., using pandas)
data = ...

# Create a CategorySet with the desired categories
category_set = CategorySet(('Category A', 'Category B'), ['Data","['mpl_categories', 'matplotlib']",['mpl_categories']
789,"Write a Python program that utilizes modules, packages, and/or libraries to solve the problem: 'How to smooth Venn diagram edges' "," Sure! Here's a Python program that uses the `matplotlib` library to smooth the edges of a Venn diagram. First, make sure you have `matplotlib` installed by running `pip install matplotlib`. Then, copy and paste this code into a file (e.g., `venn_smooth.py`) and run it in your preferred Python interpreter or IDE.

```python
import matplotlib.pyplot as plt
from mpl_toolkits.axes_grid1 import ImageGrid

def venn_smooth(venn_diagram):
    ","['mpl_toolkits', 'matplotlib']",['mpl_toolkits']
790,"Write a Python program that utilizes modules, packages, and/or libraries to solve the problem: 'How to rotate the 3D scatter plots in google colaboratory?' "," Sure! Here's a Python script that uses the Seaborn library to rotate 3D scatter plots in Google Colab. First, make sure you have Seaborn installed by running `!pip install seaborn` in your terminal or command prompt. Then, copy and paste this code into a new cell in Google Colab:

```python
import numpy as np
import matplotlib.pyplot as plt
from mpl_toolkits.mplot3d import Axes3D
from mpl_toolkits.mplot3d.art3d import Poly3DCollection","['numpy', 'mpl_toolkits', 'matplotlib']",['mpl_toolkits']
799,"Write a Python program that utilizes modules, packages, and/or libraries to solve the problem: 'How to make a sunburst plot from a list of strings in Python?' "," Sure! Here's an example using the Seaborn library, which is a more user-friendly and interactive plotting library for Python. It also has built-in support for Sunburst plots. First, install Seaborn by running `!pip install seaborn` in your terminal or command prompt. Then, import the necessary libraries:

```python
import seaborn as sns
import pandas as pd
import matplotlib.pyplot as plt
from mpl_toolkits.axes_grid1 import ImageGrid
from matplotlib.colors import ListedColormap
```","['seaborn', 'mpl_toolkits', 'matplotlib', 'pandas']",['mpl_toolkits']
806,"Write a Python program that utilizes modules, packages, and/or libraries to solve the problem: 'How to save Venn diagram as PNG in python venn' "," Sure! Here's a Python script using the `matplotlib` library to create a Venn diagram and save it as a PNG file.

First, make sure you have `matplotlib` installed by running `pip install matplotlib`. Then, import the necessary libraries:

```python
import os
import matplotlib.pyplot as plt
from mpl_toolkits.axes_grid1 import ImageGrid
from matplotlib.patches import Circle
```

Next, create a function called `draw_venn_diagram()` that takes two arguments: `","['os', 'mpl_toolkits', 'matplotlib']",['mpl_toolkits']
828,"Write a Python program that utilizes modules, packages, and/or libraries to solve the problem: 'how to active serial ports on raspberry' "," Sure! Here's a Python script that uses the RPI.Serial library to activate all the serial ports on a Raspberry Pi. This script assumes you have installed the required library using `pip install RPI.serial`.

```python
import RPI.serial as serial

ports = list(serial.tools.listports.get_ports())
for port in ports:
    if 'tiny' not in port[1]:  # Skip built-in serial ports
        serial_port = port[0]  # Get the serial port name
        baud_rate = 115200  ",['RPI'],['RPI']
838,"Write a Python program that utilizes modules, packages, and/or libraries to solve the problem: 'How can I parse &quot;package://&quot; in a URDF file path?' "," Sure! Here's an example of how you can use the open3d library to parse a URDF (Unified Robot Description Format) file path that includes a package name.

First, make sure you have open3d installed by running `pip install open3d`. Then, import the necessary libraries:

```python
from os.path import isfile, join
from glob import glob
from open3d.open3d import Open3D
from urdf import parse_urdf

def parse_urdf_package(file_path):
    # Check if the file exists","['open3d', 'os', 'urdf', 'glob']",['urdf']
844,"Write a Python program that utilizes modules, packages, and/or libraries to solve the problem: 'How to activate motors with python3' "," Sure! Here's an example of using the RPi.PWM library in Python to control a motor using PWM (Pulse Width Modulation):

```python
import time
from adafruit_motor_base import Motor, direction_classic
from adafruit_motor import pair_motor

# Initialize the motor object
left_motor = Motor(pair_motor('X1', 'X2'))
right_motor = Motor(pair_motor('X1', 'X2'))

# Set the direction of the motors
left_motor.direction = direction_classic","['adafruit_motor', 'adafruit_motor_base', 'time']","['adafruit_motor', 'adafruit_motor_base']"
850,"Write a Python program that utilizes modules, packages, and/or libraries to solve the problem: 'How can I use an Arduino Ultrasonic Sensor connected to an Arduino UNO to measure distance using Pyfirmata or Python Generally?' "," Sure! Here's a Python program that uses Pyfirmata library to read data from an Arduino Uno with an Ultrasonic Sensor (HCSR04). First, make sure you have Pyfirmata installed by running `pip install pyfirmata` in your terminal. Then, copy and paste this code into a file named `ultrasonic.py`, and run it with `python ultrasonic.py`. This program will read the distance every time the loop runs, and print the distance to the console.

```python
from firmware import board
from firmware.hardware_interface import pins
from",['firmware'],['firmware']
853,"Write a Python program that utilizes modules, packages, and/or libraries to solve the problem: 'How do I get eulerangles from two Vector3 coordinates based on openpose 3d?' "," Sure! Here's a Python script that uses OpenPose library to convert 2D keypoint coordinates (in openpose format) into Euler angles. This script assumes you have OpenPose library installed and its dependencies are met. First, install required dependencies by running `pip install openpose cv2 numpy`. Then, copy-paste the following code in your Python IDE or file:

```python
import cv2
import numpy as np
from openpose import pipes as op_pipes

# Set up OpenPose configuration and input parameters
config_file = ""openpose/configs/top_level","['openpose', 'numpy', 'cv2']",['openpose']
883,"Write a Python program that utilizes modules, packages, and/or libraries to solve the problem: 'How to turn a numpy array (mic/loopback input) into a torchaudio waveform for a PyTorch classifier' ","
Sure! Here's a Python program that demonstrates how to use NumPy, OpenSLES, and PyAudio to convert a numpy array of microphone input into a TorchAudio waveform using PyTorch. This example assumes you have PyAudio installed and have set up your audio input device.

First, install the required packages:
```
pip install opensl-py pyaudio torchaudio
```

Then, import the required modules:

```python
import os
import sys
import time
import numpy as np
from opensl import soundtouch
from pyaudio import PaUtilities
from torch","['os', 'sys', 'pyaudio', 'numpy', 'time', 'opensl']",['opensl']
905,"Write a Python program that utilizes modules, packages, and/or libraries to solve the problem: 'How do I generate video with a particular resolution in RAD-NeRF?' "," Sure! Here's a Python script using the Open3D library to create 3D models and render videos using RAD-NeRF (Radiance Emplacement Network). This example generates a video with a specific resolution (640x480).

```python
import os
from open3d.open3d import *
from rad_nerf import RadNeRF

# Set up directory paths and options for NeRF
input_dir = ""input""  # Directory containing input images
output_dir = ""output""  # Directory to save rendered videos
fov = 90  # Field of view (in","['os', 'rad_nerf']",['rad_nerf']
928,"Write a Python program that utilizes modules, packages, and/or libraries to solve the problem: 'How can I share variables across multiprocessing functions in python?' "," Sure! Here's an example of how you can share variables across multiprocessing functions in Python using the `shared_memory` module. This module allows you to create shared memory segments that can be accessed by multiple processes.

First, install the `shared_memory` package using pip:

```bash
pip install shared-memory
```

Then, import the necessary modules:

```python
import os
from collections import deque
from shared_memory import shm_open

def my_function(shared_var):
    # Do something with the shared variable
    #","['os', 'shared_memory', 'collections']",['shared_memory']
955,"Write a Python program that utilizes modules, packages, and/or libraries to solve the problem: 'How to measure runtime in web.py?' "," Sure! Here's a Python script using the unittest module to test the runtime of a function called `my_function()` in a web.py application. First, make sure you have the unittest library installed: `!pip install unittest`. Then, create a file named `conftest.py` in your project root directory with the following content:

```python
import unittest
from unittest import mock
from your_project_directory import my_function

class TestMyFunction(unittest.TestCase):
    @mock.patch('your_project_directory.app')
    ","['unittest', 'your_project_directory']",['your_project_directory']
957,"Write a Python program that utilizes modules, packages, and/or libraries to solve the problem: 'How to get started on using Bottle-Cork with MongoDB?' "," Sure! Here's an example of how you can use Bottle, a lightweight WSGI server, along with Bottle-Cork, a simple cork/corking mechanism for Bottle, to interact with a MongoDB database.

First, let's install the required packages:

```bash
pip install bottle bottle-cork pymongodb
```

Next, create a new Python file called `app.py` and add the following code:

```python
from bottle import route, run, template
from pymongodb.error import PyMongoError
from bson import","['pymongodb', 'bottle']",['pymongodb']
959,"Write a Python program that utilizes modules, packages, and/or libraries to solve the problem: 'How to reference returned data in javascript from a web framework like bottle?' "," Sure! Here's an example of how you can use Python and the Bottle web framework to retrieve data from JavaScript and display it on the page. In this example, we'll assume you have a JavaScript file called `script.js` that returns some data when a specific route is accessed. Here's what you can do in Python:

1. Import the necessary modules:

   ```python
   from bottle import route, static_file, run
   from jsondata import get_data
   ```

2. Define a route in `script.js` that returns JSON data when accessed:

   ","['bottle', 'jsondata']",['jsondata']
971,"Write a Python program that utilizes modules, packages, and/or libraries to solve the problem: 'How to convert a string mixed with infix and prefix sub-expressions to all prefix sub-expressions?' "," Sure! Here's a Python solution using the Gogran package. Gogran is a library for parsing expression grammars (EGs) and supports both prefix and infix EGs.

First, let's import the necessary libraries:

```python
from gogran import Gogran
import re
```

Next, let's define a function `convert_to_prefix` that takes an EG in infix notation as input and returns a list of prefix expressions. This function uses Gogran to parse the EG and build a tree representing the prefix structure.

```python
def","['gogran', 're']",['gogran']
998,"Write a Python program that utilizes modules, packages, and/or libraries to solve the problem: 'How to adjust the size of EC key in Python?' "," Sure! Here's a Python program that uses the `cryptodom` library to generate an EC (Elliptic Curve Cryptography) key pair with adjustable sizes.

First, make sure you have the `cryptodom` library installed by running `pip install cryptodomex`. Then, import the necessary modules:

```python
from cryptodomex import ellipticcurve, hash, random
from cryptodomex.crypto.construction import EdwardsToWeierstrass, PointConversion
from cryptodomex.crypto.numbers import ScalarEngine, prime_subgroup_order,",['cryptodomex'],['cryptodomex']
1005,"Write a Python program that utilizes modules, packages, and/or libraries to solve the problem: 'How to serialise an mpmath lambdified SymPy function containing Fresnel integrals?' "," Sure! Here's a Python solution that uses the `ast` module to parse the SymPy expression, serializes it using `json` (which is built-in), and deserializes it using `json` again. Here are the steps:

1. Import necessary modules:
   ```python
   import json
   import ast
   from mpl_toolkits.mplot3d import Axes3D
   from matplotlib import pyplot as plt
   from sympy import Symbol, sin, cos, pi
   from mpmath import mp
   ```

2","['mpl_toolkits', 'mpmath', 'sympy', 'json', 'matplotlib']",['mpl_toolkits']
1007,"Write a Python program that utilizes modules, packages, and/or libraries to solve the problem: 'How to serialize requests Response object as HAR' "," Sure, I can help you with that!

To serialize HTTP request and response objects into a HAR (HTTP Archive) file using Python, we can use the `requests` library along with the `json` library. Here's an example of how to do this:

```python
import json
import requests
import harapi

# Set up HAR API client
har_api = harapi.HarAPI()

# Define function to create HAR records
def create_har(request, response):
    har_record = harapi.HarRecord()
    har_record.start_","['requests', 'json', 'harapi']",['harapi']
1031,"Write a Python program that utilizes modules, packages, and/or libraries to solve the problem: 'How to visualize colmap export [images.txt] in blender?' "," Sure! Here's a Python script that uses the Open3D library to load an images.txt file, create a point cloud, and save it as an OBJ file that can be imported into Blender using the Blender Python API.

```python
import os
from open3d.open3d import Open3D
from bluberbomb.bluberbomb_utils import BluberbombUtils

# Set up BluberbombUtils for loading images from files
bluberbomb_utils = BluberbombUtils()

# Set the path to your images.txt","['open3d', 'os', 'bluberbomb']",['bluberbomb']
1044,"Write a Python program that utilizes modules, packages, and/or libraries to solve the problem: 'How can i get Directors from the IMDB List?' "," Sure! Here's a Python script using the `imdb_api` library to fetch Director names from the IMDb database.

First, you'll need to install the `imdb_api` library using pip by running the following command in your terminal or command prompt:

```
pip install python-imdb-api
```

Now, let's import the required libraries:

```python
import os
from datetime import datetime
from imdb_api import ImdbApi
```

Next, create an instance of the `ImdbApi()` class with your API key (you","['os', 'datetime', 'imdb_api']",['imdb_api']
1062,"Write a Python program that utilizes modules, packages, and/or libraries to solve the problem: 'How to create the scenario realization set for the non-anticipativity constraints in a 3 stage stochastic optimization model' "," Sure, I can help you with that!

First, let's import the necessary libraries and modules. We'll be using NumPy, SciPy, and OpenMP for this example. You may need to install these libraries separately if you don't already have them installed on your system.

```python
import numpy as np
import scipy.optimize
import openmp

# Define the objective function
def obj_func(x):
    return -scipy.optimize.fminbound_powell(obj_fun, x[::2], fprime=obj_fun","['numpy', 'scipy', 'openmp']",['openmp']
